,es,ls,rx,a8,a6,3series,5series,7series,xj,sclass,Posts
0,,,,0.0,,,,,,-0.16666666666666666,"[u""previous '01 sclass pre-'03 refresh"", u'one issue a8 w12 yes']"
1,,,,,,,,,,,[]
2,,0.2,,0.5,,,,0.5,,0.0,"[u'price difference a8 ls price', u'difference a8 ls price difference', u'sale especially sclass 7series a8', u'especially sclass 7series a8 especially', u'sclass 7series a8 especially swb', u'much closer ls price either', u'price either 7series course many', u""many factor a8 n't sell"", u'sell compared ls even sclass', u'ls even sclass 7series audi', u""even sclass 7series audi 's"", u'scared hear a8 made aluminum']"
3,0.0,,0.45,,,,,,,,"['', u'us market es unbeatable europe', u'second part rx incredibly well']"
4,0.0,0.0,0.0,,,0.0,,0.0,,0.2,"[u'performance extension es rx mainstream', u'extension es rx mainstream car', u'mainstream car es rx competed', u'car es rx competed 325', u'gs competed 3series 530i 545i', u'headed much sclass sale worldwide', u'build lexus ls one lexus', u'build mercedes sclass according not', u'not necessarily 7series point anyone', u'anyone make sclass except mb']"
5,0.7363636363636363,,,,,,,,,0.5,"[u'heritage feature sclass get sure', u'bought new es asked bought', u'asked bought es answer wanted', u'friend liked es bought one']"
6,0.0,,0.0,,,,,,,-0.3125,"[u'also think sclass could stand', u'contend 33k es sedan heart', u'market work sclass sale mean', u'car 33-55k es rx gs', u'33-55k es rx gs gx', u'projected cl sclass 65 model', u'chart cl sclass add somewhere', u'ml clk sclass model given']"
7,,,,0.5,,,,,,,"[u'phaeton cousin a8 remiain favorite', u'quattroporte like a8 optional wooden']"
8,,,,0.13636363636363635,,,,,,,"[u""new '09 a8 get compete""]"
9,,0.5,,,,,,0.0,,0.4,"[u'bet critic ls never sat', u'bet many ls buyer owned', u'mb e sclass car statistic', u'yes driven ls 2002 model', u'press praise ls attribute say', u'nobody saying sclass driver car', u'driver car ls feel connected', u""connected road ls 've seen"", u'car segment 7series short wheelbase', u""even drove sclass n't fit"", u'know 1990 sclass sealed coffin']"
10,,,,0.3,,,,,0.3,,"[u'not honest a8 xj 7', u'honest a8 xj 7 phaeton']"
11,,0.0,,0.0,,,,0.0,,,"[u'rl thesclass ls 7series a8', u'thesclass ls 7series a8 etc', u""ls 7series a8 etc 's""]"
12,,0.03571428571428571,,0.0,0.13636363636363635,,,,,0.25,"[u'2003sclass cl sclass first one', u'name style a8 think simply', u""simply new a6 's interior"", u""reversal 1998-2004 a6 's interior"", u'lexus l sclass sedan not', u'not single ls type lot']"
13,,0.0,,,,0.2727272727272727,,,,0.2727272727272727,"[u'preview new sclass 3series established', u'new sclass 3series established car', u'concept next ls btw happen']"
14,,,,,,,,,,,[]
15,-0.2,,0.0,,,,0.0,,,,"[u'midsize bmw 5series fighter lost', u'gs450h beating 5series lexus not', u'sky limit es killed every', u'path ditto rx setting bar']"
16,,0.0,,0.6333333333333333,,,,-1.6,,-1.1666666666666667,"[u'whole us a8 people would', u'desire whatsoever a8 trust one', u'one watch a8 sale plummet', u'easy resell sclass a8 demand', u'resell sclass a8 demand low', u""especially considering ls n't sticker"", u'sticker sell sclass 7series base', u'sell sclass 7series base price']"
17,1.0,0.0,1.0,,,0.0,,,,,"[u'diesel-/gas-powered stripped 3series europe ditto', u""praise europe 3series diesel n't"", u'bmw selling 3series c-class car', u""something n't 3series c-class sale"", u'model gone es rx lexus', u'gone es rx lexus best', u'hit segment ls nobody japan', u'rushing build es competitor ultimate', u'like belongs ls not supposed']"
18,,0.0,,0.0,,,,,,,"[u'ls460 compared ls think ls460l', u'likely match a8 come close', u'level priced a8 750li level']"
19,,-0.18125,-0.16666666666666666,,,,,,,,"[u'sun like rx previous post', u'not old ls vssclass mean']"
20,,0.0,,,,,,0.30000000000000004,0.0,0.0,"[u'ever accept ls type car', u""q45 following ls 'd even"", u'much like 7series car huge', u""'ll see ls v 745i"", u'would take sclass a8l xj', u'sclass a8l xj m']"
21,,0.04999999999999999,,,,,,-0.25,,-0.04999999999999999,"[u'merc1 note sclass longer much', u'much expensive ls popular trim', u'le case ls ultra also', u'point secondly sclass sclass sell', u'secondly sclass sclass sell equally', u'sell equally 7series sclass still', u'equally 7series sclass still expensive']"
22,0.0,,0.0,,,,,,,,"[u'50k segment es rx sale', u'segment es rx sale wash']"
23,,,0.0,,,,,,,0.0,"[u'selling v sclass 21k price', u'people afford sclass sell fewer', u'unit segment-leading rx conservative excluded']"
24,,,,0.0,,,,,,0.0,"[u'would buy a8 sclass phaeton', u'buy a8 sclass phaeton hand']"
25,,,,,0.0,,,,,,[u'alone eclass a6 styling course']
26,,-0.5,,0.0,,,,,,0.0,"[u'need expensive ls 745 sclass', u'ls 745 sclass a8 xjr', u'745 sclass a8 xjr anyway']"
27,0.0,0.0,0.0,,,0.35,,,,,"[u""lexus n't ls people would"", u'interior camry es highlander rx', u'es highlander rx 4runner gx', u'cool 2006 3series introduced wo']"
28,0.0,0.0,,,,,,,,0.0,"[u'interior appointment es delivers spade', u'recently got es looks feel', u""suggesting gene ls n't seem"", u'thinking compeitive sclass anthing else']"
29,,,,,,,,,,-0.056249999999999994,"[u'sale v sclass sale shall', u'shall guess sclass outsell s350', u'let compare sclass mean really', u'not outsell sclass not price', u'lscan jump sclass and/or especially', u'and/or especially sclass price difference']"
30,,,,0.0,,,,,,0.5333333333333333,"[u'promise told a8 delivers carmaker', u'buy audi a8 car loser', u'one love sclass not much', u'released picture sclass people quick']"
31,,0.0,,,,,,,,0.4000000000000001,"[u""huge dent sclass sale n't"", u""enough '07 sclass actually sold"", u""percentage '01 ls still climbing""]"
32,-0.15,0.25,0.2857142857142857,,,0.13636363636363635,,0.13636363636363635,,0.25,"['', u'average price es much average', u'c-class sold rx rx msrps', u'sold rx rx msrps right', u'le yet rx crush entire', u'cost gs sclass cost ls', u'sclass cost ls sclass cost', u'cost ls sclass cost scand', u""'ll give rx crush ml"", u'bought lslooked sclass first decided', u'first decided ls like said', u'taper facelifted 7series new 3series', u'7series new 3series 2006 even', u'still remember 3series 100k unit']"
33,,,-0.25,,,0.13636363636363635,,,,,"[u'actually one-up rx laughable rendezvous', u'hair w/o rx budget gmc', u""new comp 3series '07 g35""]"
34,0.0,,,,,,,,,,[u'clk safer es c-class 4-door']
35,,0.0,,0.0,0.1,,,,,0.3,"[u'noted 2007 sclass better wow', u'yes cl sclass arrived dealer', u'last page a8 ls anyway', u'page a8 ls anyway like', u'in-your-face-but-plain noeclass a6 far styling']"
36,,0.5,,0.375,,,,,,,"[u'exactly stated a8 le safe', u'le safe ls see proof']"
37,,,,0.0,,,,,,0.0,"[u'750 luxury a8 especially executive', u'exclusivity 760 sclass a8 w-12', u'760 sclass a8 w-12 exclusive']"
38,,0.0,0.4000000000000001,,,,,,,,"[u'around 3300 ls lx470 alone', u""fully loaded rx 's huge"", u""sell 50k rx n't 50k"", u'compare lexus ls gs430 lx470', u""lexus favor rx n't 50k""]"
39,,0.0,,0.0,,,,0.0,,0.0,"[u'class 745 ls sclass a8', u'745 ls sclass a8 sts', u'ls sclass a8 sts converging', u'agility point 7series sport back', u'sporty derivative ls back either', u'sport outhandle ls euro whatever', u""n't room a8 sclass either"", u'room a8 sclass either m']"
40,,1.05,,,,,,,,1.0,"[u'compare powerful sclass ls fair', u'powerful sclass ls fair anyone', u'compare optioned ls euro-sport v', u'standard even ls equipped option', u'faster compare sclass lsand not', u""lsand not sclass 're glossing"", u'see lsscored sclass performance aspects.for', u'13k le ls standard feature', u'wanted 73k sclass 4 matic', u'thing 62k ls way feature', u'add option sclass get feature', u'world crash ls barely moved']"
41,,0.0,0.0,,,,,,,,"[u'mercedes bmw rx rest suvs', u'claim fame rx ls sedan', u'fame rx ls sedan afterthought']"
42,,,,0.06666666666666665,,,,0.0,0.0,0.3,"[u'nice base a8 470hp sound', u""awfully quiet 7series n't heard"", u""btw remember a8 came '04"", u'engine powerful sclass 302hp 7series', u'sclass 302hp 7series l 325hp', u'l time-290hp xj 294hp audi']"
43,,0.0,,,,,,,0.0,,"[u'repeatedly said ls unsafe exclusion', u'car especially xj xk think']"
44,,,,,,,,,,,[]
45,,,0.0,,,,,,,0.0,"[u""seller rx300 rx 're type"", u'c e sclass mbs simply']"
46,,0.0,,,,,,,,,"[u'needs/desires a8,7 ls something else', u'gravitate toward ls others might']"
47,0.0,0.25,,,,,,,,,"[u'spot motor ls similar ls460', u'slightly smaller ls better space', u'awd unlike es lot wood']"
48,,0.5,,,,,,,,,[u'price reduction ls think many']
49,,,,0.0,-0.05,,,,,,"[u'bet audi a6 spun stretched', u'go next a6 a8 well', u'next a6 a8 well one']"
50,0.0,,-0.5,,,,,0.0,,,"[u""unable play rx 's sandbox"", u""want play rx 's sandbox"", u'compete volume es rx seen', u'volume es rx seen status', u""n't target 7series either 'd""]"
51,,0.0,,,,,,,,0.0,"[u'price 2006 ls rumor turn', u'think 382 sclass touch ls460', u'continue outsell sclass time sale']"
52,,,,,,,,,,0.0,[u'dropping price sclass 2k likely']
53,,0.0,,0.0,,,,0.5,,0.0,"[u'like current ls please explain', u'whether not 7series drive better', u'hence liking sclass 7series a8', u'liking sclass 7series a8 mushy', u'sclass 7series a8 mushy steering']"
54,,,,,,,,,,,[]
55,0.0,0.0,,,,,,0.0,,-0.3125,"[u'sporty sedan 7series sport s8', u""n't understood ls land care"", u'focus bother ls sc430 buyer', u'sc430 buyer es camry leather', u'ditto go sclass buyer see', u'b200 turbo 7series buyer see', u'traffic 2007 sclass thread mean']"
56,,0.0,,,,,,,,0.5,"[u'priced a8/7 sclass better lower', u'despite dishing ls car remains']"
57,,0.125,,,,,,,,,[u'rate current ls higher dts']
58,,0.0,,,,,,,,,[u'hoping learn ls battle supremacy']
59,,,,,,,,,,0.0,"['', u'760 especially sclass car still', u'hp 5.5l sclass ls460 already', u'mb/bmw/audi especially sclass despite hp']"
60,,,,,,,,,,,[]
61,,,,0.5,0.5,,,,,,"[u'glovebox latest a6 a8 simple', u'latest a6 a8 simple check']"
62,,0.2,,0.0,,,,,,,"[u'audi a8/a8l a8 w12 helm', u'ditto lexus ls soon whole']"
63,,,,0.20000000000000004,,,,,,,[u'car current a8 huge communication']
64,,,,0.0,,,,,,0.0,"[u""based post sclass board 's"", u'car like a8 come know']"
65,0.0,,,,,,,,,,[u'like lsand es gs sportier']
66,,,0.0,,,,,,,,"[u""since '04 rx lexus automatic""]"
67,,,,,,,,,,0.0,"[u'currentsclass determine sclass somehow trumped', u'not compared sclass different car']"
68,,0.0,,0.7,,,,0.2,,,"[u""sure issue a8 n't issue"", u'performance inference a8 7series young', u'inference a8 7series young people', u'car like ls ooppsss lsoutsells', u'ooppsss lsoutsells a8 745/760 combined', u'make money a8 7series not', u'money a8 7series not niche']"
69,,,,0.06666666666666665,0.0,,,,,,"[u'replacement current a8 correct wrong-doings', u'nice base a8 470hp sound', u'07 v8 a8 a6 model', u'v8 a8 a6 model get']"
70,,,,0.21428571428571427,,,,,,0.13636363636363635,"[u'blunder yet sclass previoussclass/500 could', u'4matic new sclass tack 3k', u'account 20 sclass sale may', u'not awd sclass 4matic likely', u'promote quattro a8 case certain']"
71,,-0.5,,0.0,,,,,,0.0,"[u'buy compared sclass however 65k', u'need expensive ls 745 sclass', u'ls 745 sclass a8 xjr', u'745 sclass a8 xjr anyway']"
72,,0.0,0.0,,,,,,,0.6,"[u'bar beyond sclass life change', u""ls600hl suspect sclass ls600hl n't"", u'perfect competitor sclass whole argument', u'4 model ls lx scand', u'scenario add rx hybrid reach']"
73,,,,,0.16666666666666666,,,,,,"[u""recalling '98-'04 a6 particularly rear""]"
74,,0.0,0.0,,,,,,,0.0,"[u""mb e320 sclass 's majority"", u'go sc430 ls not life', u'retired except rx owner woman']"
75,0.0,-0.3,,0.7,,,,,,0.3,"[u'share platform es share 25', u'share 25 es total content', u'testing saying a8 mercedes better', u'around track ls trust sclass', u'ls trust sclass loses ls', u'sclass loses ls 0-60 time', u""much audi a8 ca n't"", u'road contrast sclass others universally', u'year ago.actually sclass edge safety', u'line also sclass pre-safe standard', u'head flip sclass other-hand handy', u'side airbags sclass clk front']"
76,,0.0,-0.3,,,,,,,0.6363636363636364,"[u'pre-refresh mb sclass without new', u'road 2006 rx loses comparo', u'tranny even sclass notably slower', u'slower 6-spd ls 6.9 second']"
77,0.35,0.0,,,,,,,,,"[u'never agree ls outselling thesclass', u'true either es entry-level luxury', u'else chasing es even considers']"
78,0.0,0.0,,,,0.0,0.0,0.0,,,"[u'lexus 4lexus es 4lexus gs', u'gs 5lexus ls 5bmw 3series', u'ls 5bmw 3series 3bmw 5series', u'3series 3bmw 5series 4bmw 7series', u'5series 4bmw 7series 2mercedes c', u'lexus 5lexus es 4lexus gs', u'gs 5lexus ls 5bmw 3series', u'ls 5bmw 3series 4bmw 5series', u'3series 4bmw 5series 4bmw 7series', u'5series 4bmw 7series 2mercedes c']"
79,,,,0.0,,,,,,,[u'one issue a8 w12 yes']
80,,0.0,,0.0,,,,,,,"[u'discus 7 a8 ls jag', u'7 a8 ls jag etc', u'pertinent say ls 1 luxury']"
81,0.8000000000000002,0.0,,,,0.8000000000000002,0.0,,,,"[u'afford ride ls 7 nowadays', u'market prefers es 3series huge', u'prefers es 3series huge number', u'gs430 not 5series competitior sport']"
82,,,,0.0,,,,,,,[u'outreach demand a8 fewer shipped']
83,0.41666666666666663,,,,0.0,,0.0,,,,"[u'newer ls320 es lexi not', u'since 2004 5series a6 rl', u'2004 5series a6 rl gs', u'race btw es year older', u'eclass importantly es segment nearly', u'car compete es m']"
84,,0.15,,0.25,,,,-1.6,,-1.7000000000000002,"[u""especially considering ls n't sticker"", u'sticker sell sclass 7series base', u'sell sclass 7series base price', u'point except sclass a8 745', u'except sclass a8 745 ls', u'a8 745 ls sclass lease', u'745 ls sclass lease roughly', u'higher residual ls meaning even', u'higher stickered a8 lease le', u'lower priced ls care car', u'extremely better a8 sadly hear']"
85,,,,,,,,,,0.2727272727272727,"[u'sell new sclass sclass japan', u'new sclass sclass japan sclass', u'sclass japan sclass us especially', u'chance 510hp sclass come performance.m']"
86,,0.0,,,,0.5,,0.0,,0.5,"[u'driven extensively sclass ls judge', u'extensively sclass ls judge read', u'able tell 3series drive test', u'test drive ls v competition', u""'ve driven ls time sclass"", u'ls time sclass many time', u'not know ls keeled like', u'lswas outselling 7series combined tell']"
87,,0.0,,,,,,,,,[u'come lexus ls es250 supposed']
88,,,,0.2,,,,,,,[u'much v-12 a8 w12 put']
89,,,,0.0,,,,,,,[u'similar audi a8 v a8l']
90,0.0,0.0,0.0,,,,0.13636363636363635,0.0,,-0.1,"[u'regardless look ls es rx', u'look ls es rx prove', u'ls es rx prove seem', u'look 1981-1991 sclass sec coupe', u'like new 5series still ca', u""n't stand 7series problem 5series"", u""7series problem 5series n't styling""]"
91,,0.9000000000000001,,,,,,,,0.30303030303030315,"[u'opinion current sclass best styled', u'anything previous sclass best styled', u'lexus especially ls good looking', u'talk new sclass looking bad', u'car like ls classic look', u'ugly according ls classic look', u'give new sclass base form']"
92,0.13636363636363635,-0.25,,0.0,,,0.0,0.8928571428571428,,0.0,"['', u'taillight c-class sclass generation ago', u'look new es nothing collection', u'right 1995 7series better looking', u'styling current a8 came along', u'came along 5series like also', u""better rear 7series 've got"", u'got 92 sclass way way', u'2001 replica ls past prime']"
93,0.0,0.16666666666666666,0.0,,,0.0,,0.0,,,"[u'begin compare es rx sale', u'compare es rx sale not', u'main reason ls outsells rest', u'sale title 7series final year', u'compared not 3series car targeted']"
94,0.0,,0.0,,,,,,,,"[u'quite notice es beat rx', u""es beat rx sale 'm""]"
95,,,,0.2727272727272727,,,,0.2727272727272727,,,"[u'search include a8 7series new', u'include a8 7series new redo']"
96,,,,,,,,,,,[]
97,0.0,,0.0,,,,,,,,"[u'level product es rx order', u'product es rx order keep']"
98,,,,,,,,,,,[]
99,,,,,,,,,,0.0,[u'100k le sclass 40k 760li']
100,,,,0.0,,,,0.0,0.0,0.25595238095238093,"[u'saying single sclass model enough', u'ls460l ls600hl 7series 7seriesl a8', u'7series 7seriesl a8 a8l xj', u'a8 a8l xj methinks not', u'one supplement sclass pretty quick', u'using one sclass maybe possiblesclass']"
101,,0.0,,0.2,,,,0.2,,,"[u'helm line 7series a8 natural', u'line 7series a8 natural outcome', u""outcome evolution ls 's life""]"
102,,,,,,,,,,,[]
103,,,,,,,,,,0.0,[u'different story sclass obviously nothing']
104,0.0,-0.11111111111111112,0.0,,,,,,,,"[u'imitation current ls heavily influenced', u'hand disasterous es look like', u'car lexus rx suv aka']"
105,-0.15000000000000002,,,,,,,,,,"[u""'re far es play game""]"
106,,0.0,,,-0.4,,0.0,,,,"[u'gs supposed 5series fighter not', u'behind m45 a6 e 5series', u'a6 e 5series saying drove', u""n't apply ls type thinking""]"
107,,0.0,,,,,,,,,[u'leader 2004 ls beat everyone']
108,,,,,,,,,,,[]
109,0.0,,0.0,,,,,,,,"[u'dealer show es hand wife', u'gotten occasional rx avalon never']"
110,,,,,,,,,,,[]
111,-0.16666666666666666,,-0.16666666666666666,,,0.0,,,,,"[u'half volume es rx close', u'volume es rx close 100k', u'targetted overtake 3series sale volume', u'year 1/3 3series sale volume']"
112,,,,,,,,,,0.25,[u'first ls460l sclass 750li a8l']
113,,0.0,,0.0,,,,0.0,0.0,,"[u'like thesclass ls xj almost', u'thesclass ls xj almost always', u""always complain 7series sport 's"", u'non amg a8 non r', u'non r xj upcoming s8']"
114,,,,0.25,,,,,,,"[u'particularly 7 a8 not exactly', u""n't considered a8 significant competitor"", u'competitor lexus ls']"
115,,,,,,,,,,,[]
116,,0.4,,,,,,,,,[u'lwb version ls relevant chauffeur-driven']
117,,0.0,,,,,,,,,[u'dissing lexus ls read article']
118,,,,,,,,,,0.0,"[u'demand more-profitable sclass beyond ken', u""fear slowing sclass sale 'll""]"
119,,0.0,,0.5,,,,,,0.7,"[u'case lsvs sclass comparison big', u'even lslost a8 recently interesting', u'put lsagainst sclass admitting lsis', u""superior embattledsclass sclass ca n't"", u""s-class losing ls n't correct"", u""n't correct sclass ever lost"", u'ever lost ls not s-class', u'test put ls spot 1']"
120,0.4,0.6,,,0.0,,0.0,,,,"[u'current gs 5series imo.i agree', u'len relationship es gs300 always', u'awd version es becomes available', u'like interior 5series neither u', u""look nose a6 'm not"", u'convince take ls justify getting', u'nice baby ls showroom rather']"
121,,,,0.0,,,,,0.0,0.0,"[u'imo either sclass ls460l depending', u'either way xj already managed', u'managed beat a8 7 last', u'750 4th a8 bringing rear']"
122,,0.0,,,,,,,,0.0,"[u'reflect cl sclass slr 2683', u'bracket lexus ls gs430 lx470', u'sc430 gs ls lx sold']"
123,,0.0,,,,,,0.0,,0.0,"[u'virtually difference sclass lsin handling', u'thesclass design ls ape entire', u'direction competitor sclass always put', u'back day sclass 7series saying', u'day sclass 7series saying moved']"
124,0.0,0.0,0.0,,,,,,,0.21428571428571427,"[u'safety innovation sclass actually end', u'safer 15-year-young ls actually not', u'class notice sclass rated large', u'convertible standard sclass since 1989', u'except lsand es standard across', u'38,875ml350 38,670 rx 36,025c230 29,970is300']"
125,0.0,,0.0,,,,,,,,"[u'product like es tl rx', u'es tl rx mdx qx56']"
126,,,,0.0,,,,,,,[u'forum 7 a8 l not']
127,,-0.16666666666666666,,,,,,,,0.0,"[u'hear tps sclass cost ls', u'sclass cost ls jillionith time', u'came factor ls previous lsmodels']"
128,,,,0.0,,,,,,,[u'awd system a8 found numerous']
129,,,0.0,,,,,,,,[u'take fx rx anyday qx']
130,,0.46818181818181814,,,,,,,,0.13636363636363635,"[u'dead without ls yes many', u'challenge new sclass tell-tale sign', u'nervous new ls sure mb']"
131,,,,,,,,,,,[]
132,,0.75,,0.0,,0.8,,,,,"[u'car drive 3series great car', u'data show ls residual better', u'prefer 745 ls residual value', u""v 96 ls interested 's"", u'version audi a8 phaeton run']"
133,,0.5,,0.0,0.0,,0.0,0.0,,-0.25,"[u'my2004 release ls won comparo', u'won comparo sclass came dead', u'better performance ls ask oac', u'get seriously ls drove keeled', u'granted previous sclass bmw 7series', u'sclass bmw 7series car remained', u'mercedes supportive ls seat particular', u'car like ls v thesclass', u'v thesclass a8 7series germancarfans', u'thesclass a8 7series germancarfans talk', u'recently bought sclass a8 tony', u'bought sclass a8 tony sam', u'lexus come sclass ls one', u'come sclass ls one saying', u'one saying sclass sport sedan', u'outhandle aeclass a6 could hang', u'could hang 5series slalom process', u'class said ls drove taste', u'care handling ls so-called euro', u'rep previous sclass trashed soundly']"
134,0.0,0.4000000000000001,,,,1.0,,,,,"[u'hit addition ls see huge', u'hurting someone es slouch scand', u'there.but see ls still think', u'lexus.i agree 3series awesome thesclass']"
135,,,,0.25,,,,,,,"[u""audi 's a8 today numbers"", u'problem worth a8 sold much']"
136,0.0,0.0,0.0,,,,,,,,"[u'core competence rx es lsthat', u'competence rx es lsthat account', u'model like ls fan act', u'unit like ls year m']"
137,0.5,0.5,0.0,,,,,,,,"[u'focused effort rx es ls', u'effort rx es ls reaching', u'rx es ls reaching magical']"
138,,0.43333333333333335,,,,,,,,0.0,"[u'etc well sclass 90k pop', u'entire class ls add price', u'not like sclass buyer pay', u'900/mth inferior ls easily scared']"
139,,0.5,,,,,,,,,"[u'much better ls people gladly', u'lot cheaper ls finally let']"
140,,-0.8,-0.8,,,,,,,,"[u'2645 base rx 146 know', u'3,796s v ls lsis often', u'2295 base ls loaded e500', u'10,495 loaded ls explain sl500']"
141,,,,0.2159090909090909,,,,,,,"[u'not new a8 way better', u'car like a8 rs4 bolster']"
142,,,,,,,,,,0.13636363636363635,[u'new issue sclass 4 matic']
143,-0.18181818181818182,0.0,,,,,,,,,"[u'end lx ls enter 100k', u'sporty rather es future lexus', u'sorry new es sell briskly']"
144,-0.25,0.15000000000000002,,,,,,,,,"[u'protect torso ls side curtain', u'front seat ls side airbags', u'offer device es ls not', u'device es ls not sure', u'link available ls sc430 lx', u'incorporate system ls even today']"
145,0.1,0.1,0.0,,,0.0,,,,,"[u'dy sale 3series way dependent', u'hay gx rx es ls', u'gx rx es ls increasingly', u'rx es ls increasingly far']"
146,0.0,0.0,0.1,,,,,,,0.0,"[u'lexus except rx old man', u'version next ls sport car', u""outsells 750li sclass wo n't"", u'majority sale es rx sub-50k', u'sale es rx sub-50k vehicle']"
147,,0.0,,,,,,,,,"[u'idea lexus ls incremental margin', u'incremental margin ls']"
148,,,,,,,,,,,[]
149,,0.25,,,,,,,,,[u'correctly noted ls stellar sale']
150,,0.0,,0.8,,,,,,,"[u'comparo said ls handling greasy', u'comparo picked a8 winner reality2', u'reality2 state a8 share win']"
151,,,,0.3181818181818182,,,,,,,"[u""much better a8 new '04""]"
152,,,,,,,,,,,[]
153,,,,0.0,,,,,,0.6,"[u'like know sclass model lshas', u'never seen sclass lose fight', u'car beat sclass something top', u'u.s worldwide sclass still segment', u""leader far sclass n't say"", u""n't say a8 m""]"
154,,,,,,0.0,,,,,[u'like 07 3series coupe please']
155,0.0,,0.0,,,0.0,,,,0.0,"[u'performance extension es rx mainstream', u'extension es rx mainstream car', u'mainstream car es rx competed', u'car es rx competed 325', u'gs competed 3series 530i 545i', u'performance extension es rx mainstream', u'extension es rx mainstream car', u'anyone make sclass except mb']"
156,,,,,,,,,,0.2727272727272727,"[u'sell new sclass sclass japan', u'new sclass sclass japan sclass', u'sclass japan sclass us especially']"
157,,0.16666666666666666,,,,,,,,0.13636363636363635,"[u'older crowd ls caters neither', u""d comparo ls 's acceleration"", u'pre-refresh mb sclass without new', u'comparison would sclass']"
158,,0.65,,-0.25,,,,,-0.25,0.6363636363636364,"[u'price 2006 ls rumor turn', u'think 382 sclass touch ls460', u'continue outsell sclass time sale', u""continue outsell sclass 'm sure"", u's450 750 a8 xj seem', u'750 a8 xj seem pointless', u'thesclass new sclass new fancy', u'experience better ls ls460 win']"
159,0.0,0.0,,,,,,,,,"[u""oac put es 's close"", u""'s close ls requested es350""]"
160,,,-0.1,,,,,,,0.04285714285714286,"[u'trail archaic rx 4 sec', u'sell customer sclass instead s350', u'instead s350 sclass instead ansclass', u'instead ansclass sclass instead sclass', u'sclass instead sclass adjusting equipment', u'plain ice sclass worth ansclass']"
161,,0.0,,-0.025000000000000022,,,,,,0.0,"[u""l won sclass would 've"", u'field true a8 step behind', u'2001 time ls faced sclass', u'ls faced sclass sclass won', u'faced sclass sclass won course']"
162,0.0,,,0.08333333333333334,,,,0.08333333333333334,,,"[u'lexus car es gs except', u'price higher 7series a8 slightly', u'higher 7series a8 slightly newsclass']"
163,0.0,,0.0,,,,,,,,"[u'12 lexus es gs rx', u'es gs rx gx lx']"
164,,-0.625,,0.13636363636363635,,,,,,0.43333333333333335,"[u'make case ls mean ls', u'ls mean ls stylistically challenged', u'beholder e sclass style easy', u'look new a8 see grille']"
165,,,,,,,,,,1.9999999999999998,"[u'scto compete sclass primarily 25k', u'bottom line sclass better car', u'dna doc sclass better car', u'score last sclass win everytime', u'cost much sclass sl550 cl55']"
166,,,,0.0,,,,,,,[u'context regular a8 lssales matter']
167,0.5,0.5,,,,,,,,,"[u'day saw ls es sc430', u'saw ls es sc430 stylish']"
168,0.0,,0.0,,,0.0,0.0,,,,"[u""'s competitor es not 325i"", u'sale like es rx accounting', u'like es rx accounting bulk', u'sale lexus es fwd blue-hair', u'anymore e 5series model cost', u""way c 3series n't car"", u""vehicle target es mb 's""]"
169,0.0037878787878787845,0.5363636363636364,,,,,,,,,"[u'free fall ls year course', u'see new ls would not', u'said new es ugly ugly', u'car successful es clearly lot']"
170,0.1,0.1,0.0,,,0.0,,,,,"[u'dy sale 3series way dependent', u'hay gx rx es ls', u'gx rx es ls increasingly', u'rx es ls increasingly far']"
171,,0.25,,,,,,,,,[u'correctly noted ls stellar sale']
172,,,,0.0,,,,0.0,0.0,0.5892857142857142,"[u'saying single sclass model enough', u'ls460l ls600hl 7series 7seriesl a8', u'7series 7seriesl a8 a8l xj', u'a8 a8l xj look like', u'one supplement sclass pretty quick', u'using one sclass maybe possiblesclass', u'quick stand sclass selling rate', u'price current sclass s450 coming']"
173,,0.0,,0.0,,,0.21428571428571427,,,0.0,"[u""family '05 ls car not"", u'would choose sclass 760 0ver', u'version e 5series certainly would', u""n't choose a8 even 7""]"
174,,0.13636363636363635,,,,,,,,,[u'selling new ls nonsense think']
175,,,,,,,,,,,[]
176,,,,,,,,,,0.55,"[u'price like sclass maybe know', u""mind compete sclass 're calling"", u'thesclass g sclass sound good']"
177,,,,,,,,0.0,0.35,0.9113636363636364,"[u'smoke new sclass freakin gorgeous', u'not big 7series fan admire', u'loved jaguar xj especially newest', u'portfolio.this new sclass one beautiful']"
178,,0.0,,,,0.0,,-0.25,,0.0,"[u""anything past 7series price 've"", u'70k like ls bmw lot', u'match person sclass sale last', u'even question sclass eclass matter', u'everyone chasing 3series way year']"
179,,,,,,,,,,,[]
180,,,0.2,,,0.0,,,,,"[u""competition lexus rx 3series 'm"", u""lexus rx 3series 'm probably"", u'artificial insemenation rx clearly best', u'building rx300 rx rx350 dream']"
181,,,,,,,,,,0.4681818181818182,"[u'thunder new sclass important market', u'market world sclass cost 10k', u""ls460 380hp sclass 382hp n't"", u'comparing ls600h sclass lexus want', u""real 600 sclass understand 're""]"
182,,,,,,,,,,,[]
183,,,,,,,,,,,[]
184,,,,0.0,,,,,,,[u'forum 7 a8 l not']
185,-0.15,1.575,-0.15,,,,,,,,"[u""original point ls n't handle"", u'especially concerning ls say circle', u'also moved rx gx lx', u'gs picked es spouse sc', u'really converting ls people trade', u'average gs es rx lx', u'gs es rx lx buyer', u'clueless find ls best driving']"
186,,,,0.0,,,,,,,[u'like 745 a8 andsclass would']
187,,0.9,,0.0,,,,,,0.2,"[u'option whereas sclass 30k price', u'cr review sclass ls w/sport', u'review sclass ls w/sport euro-sport', u'anywhere difference sclass sclass roughly', u'difference sclass sclass roughly 10k', u""athletic maybe sclass different n't"", u'compare 71k ls ultra get', u""optional feature sclass n't available"", u""n't available ls granted pay"", u'7k difference ls ultra sclass', u'ls ultra sclass justifiable enough', u'would get ls different people', u'value overall ls best class', u'residual 7 a8 etc fyi.i']"
188,,0.0,,0.0,,,,,,,"[u'b/w driving a8 driving ls', u'a8 driving ls four wheel', u'cog etc a8 plush longer', u'rhetorical question a8 v l']"
189,,,,,,,,,,,[]
190,,-0.1,0.0,,,,,,,-0.20000000000000004,"[u""structure/safety cage rx 've already"", u'prior post ls structure studied', u'engineering school ls score equally', u'posted talking ls tested one', u'accountable idea ls would perform', u""seat occupant ls 'll understand"", u'comparison likened ls wearing slippery', u'second yes ls score dead', u'every aspect ls score well', u""n't compare sclass ls compare"", u'compare sclass ls compare euro-sport', u""'ve driven sclass difference not"", u'not huge sclass stripped option', u""n't close ls lexus using"", u'navigation standard sclass since 2003', u'still optional ls not mention', u'not mention sclass athletic lsby']"
191,0.0,0.0,0.0,,,,,,,,"[u'core competence rx es lsthat', u'competence rx es lsthat account', u""discounted think ls 's sale""]"
192,,0.0,,,,,,,0.0,0.0,"[u'last place sclass 6 mercedes-benzsclass', u'79,1452 jaguar xj price tested', u'64,5951 lexus ls price tested']"
193,-0.16666666666666666,0.0,,,,0.0,,0.0,,,"[u'slight resemblance es preceded 5', u'time 7 es camry slab-sided', u'ripoff lincoln ls bangle butt', u'not resembles es also mazda', u'hitchhike onto 3series dominance not', u'lsadvertising going 7series flame coming', u'happen enough 7series market share', u'coming niche ls 17 year', u'20-inch wheel 7series buyer want', u'want nothing ls 146 like']"
194,,,,,,,,,,,['']
195,,0.1875,,,,,,,,,[u'familiar lexus ls especially 16']
196,,0.0,,0.0,,,,,,0.0,"[u'745 xjr a8 sclass ls', u'xjr a8 sclass ls americans', u'a8 sclass ls americans prefer', u'americans prefer ls car must', u'others choose ls']"
197,,0.13636363636363635,,,,,,,,,"[u""new 2007 ls 's car"", u'lease lexus es']"
198,,0.0,,-0.08181818181818185,,,,,,,"[u'probably not ls 40-50k mile', u""reliable 7 a8 matter 's"", u'crap new a8 term reliabilty', u'term reliabilty a8 problem first', u'entire life ls']"
199,,,,,,,,,,,[]
200,,,-0.2916666666666667,0.0,,,,,,,"[u""sell ess rx 's hardly"", u'well not a8 either see']"
201,,-0.025000000000000022,,,0.0,,,0.0,,0.0,"[u""phaeton cheaper sclass 7series n't"", u""cheaper sclass 7series n't intended"", u""car like ls n't benchmark"", u'cheaper rival sclass lesser degree', u'lesser degree 7series cheaper car', u'first generation ls cheap remember', u'look e500 a6 4.2 find', u'much bigger ls far attractive', u'priced base ls rung mere']"
202,,0.5,,0.0,,,,,,0.0,"[u'series think ls better car', u'answer question ls notice not', u'criterion favor ls performance handling', u'car luxurious sclass a8 softer', u'luxurious sclass a8 softer leather']"
203,,,0.0,,0.0,0.33636363636363636,0.8,0.0,,,"[u""'ve '00 3series absolute repect"", u'overhaul excluding rx kill rx400h', u'brand new 3series coupe new', u""happy refreshed 5series '08 keep"", u""inline eclass a6 let 's"", u""forget long-awaited 7series '08 sale""]"
204,0.6178571428571429,0.13636363636363635,,,,,,,,,"[u'see new ls would not', u'could buy ls point 1000', u'car successful es clearly lot', u""'re right es clear leader"", u'dynamic difference es v car']"
205,,,0.33636363636363636,,,,,,,,"[u'ad campaign rx couple year', u'new feature rx yeah saw', u""engineer studying rx n't make"", u'know competes rx lexus really']"
206,,,,,,,,,,,[]
207,,0.4166666666666667,,,,,,,,,"[u'price typical ls would impressed', u'amount took ls conservative would']"
208,,0.0,,0.10714285714285714,,,,,,0.2857142857142857,"[u'right board sclass devauled c-class', u'smart practice a8 a4 different', u'a4 different ls set car']"
209,0.0,0.0,,,,-0.25,-0.5,,,-0.5,"[u'build gs ls es see', u'gs ls es see lexus', u'trying build 3series 5series sclass', u'build 3series 5series sclass past', u'3series 5series sclass past come', u""machine gs es n't conqured""]"
210,0.0,0.0,,,,-0.25,-0.5,,,-0.5,"[u'build gs ls es see', u'gs ls es see lexus', u'trying build 3series 5series sclass', u'build 3series 5series sclass past', u'3series 5series sclass past come', u""machine gs es n't conqured""]"
211,,0.0,,,,,,,,0.0,"[u'difference current ls agree derivative', u'derivative w140 sclass said post', u'like current ls inconsistency liking']"
212,,,,0.375,0.375,,,,,,"[u'share vw a8 unique audi', u""'s chassis a6 unique audia4""]"
213,0.0,,0.0,,,,,0.0,,,"[u'peel even 7series buyer expand', u'suv market rx obliteration mid-size', u'lux market es course lsdid']"
214,,,,,,,,,,,[]
215,,,,,0.325,,,,,,"['', u""'s chassis a6 unique audi"", u'bet audi a6 spun stretched']"
216,,-0.03333333333333333,,,,,0.0625,-0.1,,,"[u'lexus via ls infiniti via', u'example yes 7series may selling', u'selling well 7series remains distant', u'distant third ls looking bigger', u'picture solely 7series sale record', u'sale record 7series cost ls', u'7series cost ls begin secondly', u'fact current 7series surpassed record', u'surpassed record 7series 7series outsell', u'record 7series 7series outsell lsfor', u""n't outsell 5series hit major""]"
217,,,0.8,,,,,,,,[u'suvs like rx make great']
218,,,,,,,,,,,[]
219,0.2,0.6499999999999999,,,,,,,,,"[u'lexi like es lsreally buick', u'much lexus ls certainly good', u'buy gs es even ls', u'es even ls unless need', u'room case ls really would', u'really give es concept reliablity']"
220,,0.375,,,,,,,,0.0,"[u'b/w 75k sclass couple hundred', u'higher 63k ls implying greater', u'proportion lease ls not afford', u'afford lease sclass yet sclass', u'sclass yet sclass sell pitifully', u'sell pitifully ls submit price']"
221,0.0,,,,,,,,,0.0,"[u""never beat sclass comparo 've"", u'number lsbeats sclass match sedan', u'car like es m']"
222,0.0,0.0,,,,,,,,,"[u'anything case ls flattest seat', u'seat possible es scfollow isolationist']"
223,,,,0.0,,,,,,,[u'like 760li a8 w12 world']
224,0.21818181818181825,,,,0.0,0.0,,,,,"[u'maybe twice a6 actually got', u""test like 3series still n't"", u'think new es look bad', u'better looking es one thing']"
225,0.1,0.1,0.35714285714285715,,,0.25,,,,,"[u'swivel headlight rx nothing special', u'word mechanicals rx not utility', u""seen ad es yet 're"", u'old ad ls maybe attempt', u'leftover brilliant.that rx ad not', u'mercedes audi rx ad point', u'configuration minivan rx neither point', u'remember car rx ad q7', u'aim squarely 3series buyer pretty', u'hp fast es possible engineer']"
226,,0.8083333333333333,,,,,,,,1.0,"[u'make profit ls mb make', u'mb make sclass despite 15k', u'particular instance ls good value', u'best spend sclass get best', u""billion original ls think 'd""]"
227,,,,,1.95,,0.0,,,,"[u'lexus interior 5series especially a6', u'5series especially a6 vastly superior', u'prowess 5 a6 better car', u'amazing brilliant a6 interior e430', u'quite dated a6 look sleek']"
228,,0.5,,,-0.4,,,,,,"['', u'le safe ls say implied', u'poor look a6 iihs']"
229,,0.0,,,,,,,,,[u'domestic lexus ls road see']
